{
	"IcoMoonType": "selection",
	"icons": [
		{
			"icon": {
				"paths": [
					"M896 293.504l-165.504-165.504c-12.501-12.501-28.928-18.731-45.269-18.731-16.384 0-32.725 6.229-45.227 18.731l-466.731 466.731c-12.501 12.501-23.808 31.019-32 50.688-8.192 19.755-13.269 40.917-13.269 58.581v192h192c17.664 0 38.741-5.077 58.496-13.269s38.229-19.499 50.731-32l466.773-466.731c12.501-12.501 18.731-28.928 18.731-45.269 0-16.384-6.229-32.725-18.731-45.227zM246.101 642.603l353.835-353.835 52.565 52.565-353.835 353.835-52.565-52.565zM320 810.667h-64l-42.667-42.667v-64c0-3.285 1.408-13.013 6.741-25.813 0.427-0.853 126.592 125.355 126.592 125.355-13.739 5.717-23.381 7.125-26.667 7.125zM381.397 777.899l-52.565-52.565 353.835-353.835 52.565 52.565-353.835 353.835zM765.397 393.899l-135.339-135.339 55.168-55.168 135.253 135.339-55.083 55.168z"
				],
				"attrs": [],
				"isMulticolor": false,
				"tags": [
					"pencil"
				],
				"grid": 24
			},
			"attrs": [],
			"properties": {
				"order": 1,
				"id": 0,
				"prevSize": 24,
				"code": 59648,
				"name": "pencil"
			},
			"setIdx": 0,
			"setId": 6,
			"iconIdx": 0
		},
		{
			"icon": {
				"paths": [
					"M306 630c0 6 4 10 10 10h494v86h-512c-46 0-84-40-84-86 0-14 4-28 10-40l58-106-154-324h-86v-84h140c27.003 56.33 53.665 113.001 80 170 34.063 71.271 67.603 143.063 102 214h300c54.786-99.881 110.533-198.8 164-300l74 42-164 298c-14 26-42 44-74 44h-318l-38 70zM726 768c46 0 84 40 84 86s-38 84-84 84-86-38-86-84 40-86 86-86zM298 768c46 0 86 40 86 86s-40 84-86 84-84-38-84-84 38-86 84-86zM470 384v-128h-128v-86h128v-128h84v128h128v86h-128v128h-84z"
				],
				"attrs": [],
				"isMulticolor": false,
				"tags": [
					"add_shopping_cart"
				],
				"defaultCode": 59476,
				"grid": 24
			},
			"attrs": [],
			"properties": {
				"order": 2,
				"ligatures": "add_shopping_cart",
				"id": 20,
				"prevSize": 24,
				"code": 59476,
				"name": "add_shopping_cart"
			},
			"setIdx": 6,
			"setId": 0,
			"iconIdx": 20
		},
		{
			"icon": {
				"paths": [
					"M704 256h64v490c0 130-104 236-234 236s-236-106-236-236v-532c0-94 78-172 172-172s170 78 170 172v448c0 58-48 106-106 106s-108-48-108-106v-406h64v406c0 24 20 42 44 42s42-18 42-42v-448c0-58-48-108-106-108s-108 50-108 108v532c0 94 78 172 172 172s170-78 170-172v-490z"
				],
				"attrs": [],
				"isMulticolor": false,
				"tags": [
					"attach_file"
				],
				"defaultCode": 57894,
				"grid": 24
			},
			"attrs": [],
			"properties": {
				"order": 25,
				"ligatures": "attach_file",
				"id": 63,
				"prevSize": 24,
				"code": 57894,
				"name": "attach_file"
			},
			"setIdx": 6,
			"setId": 0,
			"iconIdx": 63
		},
		{
			"icon": {
				"paths": [
					"M726 666l-154-154 154-154-60-60-154 154-154-154-60 60 154 154-154 154 60 60 154-154 154 154zM512 86c236 0 426 190 426 426s-190 426-426 426-426-190-426-426 190-426 426-426z"
				],
				"attrs": [],
				"isMulticolor": false,
				"tags": [
					"cancel"
				],
				"defaultCode": 58825,
				"grid": 24
			},
			"attrs": [],
			"properties": {
				"order": 8,
				"ligatures": "cancel",
				"id": 135,
				"prevSize": 24,
				"code": 58825,
				"name": "cancel"
			},
			"setIdx": 6,
			"setId": 0,
			"iconIdx": 135
		},
		{
			"icon": {
				"paths": [
					"M384 690l452-452 60 60-512 512-238-238 60-60z"
				],
				"attrs": [],
				"isMulticolor": false,
				"tags": [
					"check"
				],
				"defaultCode": 58826,
				"grid": 24
			},
			"attrs": [],
			"properties": {
				"order": 9,
				"ligatures": "check",
				"id": 148,
				"prevSize": 24,
				"code": 58826,
				"name": "check"
			},
			"setIdx": 6,
			"setId": 0,
			"iconIdx": 148
		},
		{
			"icon": {
				"paths": [
					"M658 316l-196 196 196 196-60 60-256-256 256-256z"
				],
				"attrs": [],
				"isMulticolor": false,
				"tags": [
					"navigate_before"
				],
				"defaultCode": 58376,
				"grid": 24
			},
			"attrs": [],
			"properties": {
				"order": 11,
				"ligatures": "chevron_left, navigate_before",
				"id": 152,
				"prevSize": 24,
				"code": 58376,
				"name": "navigate_before"
			},
			"setIdx": 6,
			"setId": 0,
			"iconIdx": 152
		},
		{
			"icon": {
				"paths": [
					"M426 256l256 256-256 256-60-60 196-196-196-196z"
				],
				"attrs": [],
				"isMulticolor": false,
				"tags": [
					"navigate_next"
				],
				"defaultCode": 58377,
				"grid": 24
			},
			"attrs": [],
			"properties": {
				"order": 10,
				"ligatures": "chevron_right, navigate_next",
				"id": 153,
				"prevSize": 24,
				"code": 58377,
				"name": "navigate_next"
			},
			"setIdx": 6,
			"setId": 0,
			"iconIdx": 153
		},
		{
			"icon": {
				"paths": [
					"M810 274l-238 238 238 238-60 60-238-238-238 238-60-60 238-238-238-238 60-60 238 238 238-238z"
				],
				"attrs": [],
				"isMulticolor": false,
				"tags": [
					"close"
				],
				"defaultCode": 58829,
				"grid": 24
			},
			"attrs": [],
			"properties": {
				"order": 6,
				"ligatures": "clear, close",
				"id": 157,
				"prevSize": 24,
				"code": 58829,
				"name": "close"
			},
			"setIdx": 6,
			"setId": 0,
			"iconIdx": 157
		},
		{
			"icon": {
				"paths": [
					"M810 128c46 0 86 40 86 86v596c0 46-40 86-86 86h-596c-48 0-86-40-86-86v-170h86v170h596v-596h-596v170h-86v-170c0-46 38-86 86-86h596zM430 666l110-112h-412v-84h412l-110-112 60-60 214 214-214 214z"
				],
				"attrs": [],
				"isMulticolor": false,
				"tags": [
					"exit_to_app"
				],
				"defaultCode": 59513,
				"grid": 24
			},
			"attrs": [],
			"properties": {
				"order": 7,
				"ligatures": "exit_to_app",
				"id": 254,
				"prevSize": 24,
				"code": 59513,
				"name": "exit_to_app"
			},
			"setIdx": 6,
			"setId": 0,
			"iconIdx": 254
		},
		{
			"icon": {
				"paths": [
					"M512 342l256 256-60 60-196-196-196 196-60-60z"
				],
				"attrs": [],
				"isMulticolor": false,
				"tags": [
					"expand_less"
				],
				"defaultCode": 58830,
				"grid": 24
			},
			"attrs": [],
			"properties": {
				"order": 12,
				"ligatures": "expand_less",
				"id": 255,
				"prevSize": 24,
				"code": 58830,
				"name": "expand_less"
			},
			"setIdx": 6,
			"setId": 0,
			"iconIdx": 255
		},
		{
			"icon": {
				"paths": [
					"M708 366l60 60-256 256-256-256 60-60 196 196z"
				],
				"attrs": [],
				"isMulticolor": false,
				"tags": [
					"expand_more"
				],
				"defaultCode": 58831,
				"grid": 24
			},
			"attrs": [],
			"properties": {
				"order": 13,
				"ligatures": "expand_more",
				"id": 256,
				"prevSize": 24,
				"code": 58831,
				"name": "expand_more"
			},
			"setIdx": 6,
			"setId": 0,
			"iconIdx": 256
		},
		{
			"icon": {
				"paths": [
					"M726 768c46 0 84 40 84 86s-38 84-84 84-86-38-86-84 40-86 86-86zM42 86h140l40 84h632c24 0 42 20 42 44 0 8-2 14-6 20l-152 276c-14 26-42 44-74 44h-318l-38 70-2 6c0 6 4 10 10 10h494v86h-512c-46 0-84-40-84-86 0-14 4-28 10-40l58-106-154-324h-86v-84zM298 768c46 0 86 40 86 86s-40 84-86 84-84-38-84-84 38-86 84-86z"
				],
				"attrs": [],
				"isMulticolor": false,
				"tags": [
					"shopping_cart"
				],
				"defaultCode": 59596,
				"grid": 24
			},
			"attrs": [],
			"properties": {
				"order": 1,
				"ligatures": "local_grocery_store, shopping_cart",
				"id": 456,
				"prevSize": 24,
				"code": 59596,
				"name": "shopping_cart"
			},
			"setIdx": 6,
			"setId": 0,
			"iconIdx": 456
		},
		{
			"icon": {
				"paths": [
					"M128 256h768v86h-768v-86zM128 554v-84h768v84h-768zM128 768v-86h768v86h-768z"
				],
				"attrs": [],
				"isMulticolor": false,
				"tags": [
					"menu"
				],
				"defaultCode": 58834,
				"grid": 24
			},
			"attrs": [],
			"properties": {
				"order": 5,
				"ligatures": "menu",
				"id": 489,
				"prevSize": 24,
				"code": 58834,
				"name": "menu"
			},
			"setIdx": 6,
			"setId": 0,
			"iconIdx": 489
		},
		{
			"icon": {
				"paths": [
					"M512 598c114 0 342 56 342 170v86h-684v-86c0-114 228-170 342-170zM512 512c-94 0-170-76-170-170s76-172 170-172 170 78 170 172-76 170-170 170z"
				],
				"attrs": [],
				"isMulticolor": false,
				"tags": [
					"person"
				],
				"defaultCode": 59389,
				"grid": 24
			},
			"attrs": [],
			"properties": {
				"order": 4,
				"ligatures": "person",
				"id": 557,
				"prevSize": 24,
				"code": 59389,
				"name": "person"
			},
			"setIdx": 6,
			"setId": 0,
			"iconIdx": 557
		},
		{
			"icon": {
				"paths": [
					"M406 598c106 0 192-86 192-192s-86-192-192-192-192 86-192 192 86 192 192 192zM662 598l212 212-64 64-212-212v-34l-12-12c-48 42-112 66-180 66-154 0-278-122-278-276s124-278 278-278 276 124 276 278c0 68-24 132-66 180l12 12h34z"
				],
				"attrs": [],
				"isMulticolor": false,
				"tags": [
					"search"
				],
				"defaultCode": 59574,
				"grid": 24
			},
			"attrs": [],
			"properties": {
				"order": 3,
				"ligatures": "search",
				"id": 655,
				"prevSize": 24,
				"code": 59574,
				"name": "search"
			},
			"setIdx": 6,
			"setId": 0,
			"iconIdx": 655
		},
		{
			"icon": {
				"paths": [
					"M852.192 128h155.808c8.832 0 16-7.168 16-16s-7.168-16-16-16h-192c-8.832 0-16 7.168-16 16v192c0 8.832 7.168 16 16 16s16-7.168 16-16v-150.944l19.552 19.552c90.656 90.656 140.608 211.2 140.608 339.392s-49.952 248.736-140.608 339.392c-134.56 134.592-336.128 177.024-513.632 108-8.224-3.264-17.504 0.864-20.704 9.088-3.2 8.256 0.864 17.536 9.12 20.704 60.288 23.424 123.136 34.816 185.504 34.816 133.44 0 264.512-52.16 362.336-150.016 96.704-96.672 149.984-225.28 149.984-362.016s-53.28-265.312-149.984-361.984l-21.984-21.984zM208 704c-8.832 0-16 7.168-16 16v154.88l-22.816-22.816c-90.656-90.656-140.608-211.2-140.608-339.392s49.952-248.768 140.608-339.424c132.32-132.352 331.232-175.84 506.752-110.592 8.192 3.072 17.472-1.12 20.576-9.44 3.072-8.288-1.152-17.504-9.44-20.576-187.168-69.504-399.36-23.2-540.512 117.984-96.704 96.672-149.984 225.28-149.984 362.016s53.28 265.344 149.984 362.016l21.312 21.344h-151.872c-8.832 0-16 7.168-16 16s7.168 16 16 16h187.392c1.28 0.32 12.032-0.8 15.168-3.936 0.128-0.128 0.16-0.288 0.288-0.416 3.136-2.944 5.152-7.008 5.152-11.648v-192c0-8.832-7.168-16-16-16z"
				],
				"attrs": [],
				"isMulticolor": false,
				"tags": [
					"refresh",
					"sync",
					"reload",
					"loading"
				],
				"grid": 32
			},
			"attrs": [],
			"properties": {
				"order": 1,
				"id": 0,
				"prevSize": 32,
				"code": 59649,
				"name": "refresh"
			},
			"setIdx": 1,
			"setId": 5,
			"iconIdx": 0
		},
		{
			"icon": {
				"paths": [
					"M703.968 128h-384c-35.328 0-63.968 28.672-63.968 64v640c0 35.328 28.64 64 63.968 64h384c35.36 0 64.032-28.672 64.032-64v-640c0-35.328-28.672-64-64.032-64zM416 160h160l1.984 32h-161.984v-32zM511.328 848c-17.664 0-32-14.304-32-32s14.336-32 32-32c17.696 0 32 14.304 32 32s-14.336 32-32 32zM703.968 736h-384l0.672-512h383.328v512z"
				],
				"attrs": [],
				"isMulticolor": false,
				"tags": [
					"phone",
					"cellular phone",
					"mobile"
				],
				"grid": 32
			},
			"attrs": [],
			"properties": {
				"order": 1,
				"id": 0,
				"prevSize": 32,
				"code": 59650,
				"name": "phone"
			},
			"setIdx": 3,
			"setId": 3,
			"iconIdx": 0
		},
		{
			"icon": {
				"paths": [
					"M1009.376 5.12c-5.312-3.424-11.36-5.12-17.376-5.12-6.176 0-12.384 1.76-17.76 5.376l-960 640c-9.888 6.56-15.328 18.112-14.048 29.952 1.216 11.808 8.896 22.016 19.936 26.368l250.368 100.192 117.728 206.016c5.632 9.888 16.096 16 27.424 16.128 0.128 0 0.224 0 0.352 0 11.232 0 21.664-5.952 27.424-15.552l66.464-110.816 310.24 124.064c3.808 1.536 7.808 2.272 11.872 2.272 5.44 0 10.816-1.376 15.68-4.128 8.448-4.736 14.24-13.056 15.872-22.624l160-960c2.080-12.576-3.488-25.184-14.176-32.128zM100.352 664.864l741.6-494.432-539.2 577.184c-2.848-1.696-5.376-3.936-8.512-5.184l-193.888-77.568zM326.048 770.112c-0.064-0.128-0.16-0.192-0.224-0.32l606.176-648.8-516.768 805.184-89.184-156.064zM806.944 947.488l-273.312-109.312c-6.496-2.56-13.248-3.424-19.936-3.808l420.864-652.416-127.616 765.536z"
				],
				"attrs": [],
				"isMulticolor": false,
				"tags": [
					"paperplane",
					"send",
					"flight",
					"email"
				],
				"grid": 32
			},
			"attrs": [],
			"properties": {
				"order": 1,
				"id": 1,
				"prevSize": 32,
				"code": 59651,
				"name": "paperplane"
			},
			"setIdx": 4,
			"setId": 2,
			"iconIdx": 0
		},
		{
			"icon": {
				"paths": [
					"M896 160h-768c-70.688 0-128 57.344-128 128v416c0 70.688 57.312 128 128 128h768c70.688 0 128-57.312 128-128v-416c0-70.656-57.312-128-128-128zM64 328l223.968 168-223.968 168v-336zM960 704c0 35.328-28.736 64-64 64h-768c-35.296 0-64-28.672-64-64l250.624-188 139.776 104.864c17.056 12.736 37.312 19.2 57.6 19.2 20.256 0 40.512-6.432 57.568-19.2l139.808-104.864 250.624 188zM960 664l-224-168 224-168v336zM550.368 595.264c-11.168 8.384-24.416 12.8-38.368 12.8s-27.232-4.448-38.4-12.8l-409.6-307.264c0-35.296 28.704-64 64-64h768c35.264 0 64 28.704 64 64l-409.632 307.264z"
				],
				"attrs": [],
				"isMulticolor": false,
				"tags": [
					"mail",
					"email",
					"letter",
					"envelope",
					"contact"
				],
				"grid": 32
			},
			"attrs": [],
			"properties": {
				"order": 2,
				"id": 0,
				"prevSize": 32,
				"code": 59652,
				"name": "mail"
			},
			"setIdx": 4,
			"setId": 2,
			"iconIdx": 1
		},
		{
			"icon": {
				"paths": [
					"M917.806 229.076c-22.212-30.292-53.174-65.7-87.178-99.704s-69.412-64.964-99.704-87.178c-51.574-37.82-76.592-42.194-90.924-42.194h-496c-44.112 0-80 35.888-80 80v864c0 44.112 35.888 80 80 80h736c44.112 0 80-35.888 80-80v-624c0-14.332-4.372-39.35-42.194-90.924zM785.374 174.626c30.7 30.7 54.8 58.398 72.58 81.374h-153.954v-153.946c22.984 17.78 50.678 41.878 81.374 72.572zM896 944c0 8.672-7.328 16-16 16h-736c-8.672 0-16-7.328-16-16v-864c0-8.672 7.328-16 16-16 0 0 495.956-0.002 496 0v224c0 17.672 14.326 32 32 32h224v624z",
					"M736 832h-448c-17.672 0-32-14.326-32-32s14.328-32 32-32h448c17.674 0 32 14.326 32 32s-14.326 32-32 32z",
					"M736 704h-448c-17.672 0-32-14.326-32-32s14.328-32 32-32h448c17.674 0 32 14.326 32 32s-14.326 32-32 32z",
					"M736 576h-448c-17.672 0-32-14.326-32-32s14.328-32 32-32h448c17.674 0 32 14.326 32 32s-14.326 32-32 32z"
				],
				"attrs": [],
				"isMulticolor": false,
				"tags": [
					"file-text",
					"file",
					"document",
					"list",
					"paper",
					"page"
				],
				"grid": 16
			},
			"attrs": [],
			"properties": {
				"order": 1,
				"id": 2,
				"prevSize": 32,
				"code": 59653,
				"name": "file-text"
			},
			"setIdx": 2,
			"setId": 4,
			"iconIdx": 0
		},
		{
			"icon": {
				"paths": [
					"M512 0c-176.732 0-320 143.268-320 320 0 320 320 704 320 704s320-384 320-704c0-176.732-143.27-320-320-320zM512 512c-106.040 0-192-85.96-192-192s85.96-192 192-192 192 85.96 192 192-85.96 192-192 192z"
				],
				"attrs": [],
				"isMulticolor": false,
				"tags": [
					"location",
					"map-marker",
					"pin"
				],
				"grid": 16
			},
			"attrs": [],
			"properties": {
				"order": 1,
				"id": 1,
				"prevSize": 32,
				"code": 59654,
				"name": "location"
			},
			"setIdx": 2,
			"setId": 4,
			"iconIdx": 1
		},
		{
			"icon": {
				"paths": [
					"M425.6 37.4c-1.6-1-3.4-1.8-5-2.6-1.8 0.4-3.4 0.6-5.2 1l10.2 1.6z",
					"M36.8 421c-0.4 1.8-0.6 3.6-0.8 5.2 1 1.6 1.6 3.2 2.6 4.8l-1.8-10z",
					"M986.8 602.6c0.4-1.8 0.6-3.6 1-5.4-1-1.6-1.6-3.2-2.6-4.8l1.6 10.2z",
					"M592 983c1.6 1 3.4 1.8 5 2.6 1.8-0.4 3.6-0.6 5.4-0.8l-10.4-1.8z",
					"M987.8 597.2c-0.4 1.8-0.6 3.6-1 5.4l-1.8-10.4c1 1.8 1.8 3.4 2.8 5 5.2-28.8 8-58.2 8-87.6 0-65.2-12.8-128.6-38-188.2-24.4-57.6-59.2-109.4-103.6-153.8s-96.2-79.2-153.6-103.6c-59.6-25.2-123-38-188.2-38-30.8 0-61.6 2.8-91.6 8.6 0 0-0.2 0-0.2 0 1.6 0.8 3.4 1.6 5 2.6l-10.2-1.6c1.8-0.4 3.4-0.6 5.2-1-41.2-21.8-87.4-33.6-134.2-33.6-76.4 0-148.4 29.8-202.4 83.8s-83.8 126-83.8 202.4c0 48.6 12.6 96.6 36 138.8 0.4-1.8 0.6-3.6 0.8-5.2l1.8 10.2c-1-1.6-1.8-3.2-2.6-4.8-4.8 27.4-7.2 55.4-7.2 83.4 0 65.2 12.8 128.6 38 188.2 24.4 57.6 59.2 109.2 103.6 153.6s96.2 79.2 153.8 103.6c59.6 25.2 123 38 188.2 38 28.4 0 56.8-2.6 84.6-7.6-1.6-1-3.2-1.8-5-2.6l10.4 1.8c-1.8 0.4-3.6 0.6-5.4 0.8 42.8 24.2 91.4 37.2 140.8 37.2 76.4 0 148.4-29.8 202.4-83.8s83.8-126 83.8-202.4c-0.2-48.6-12.8-96.6-36.4-139.2zM514.2 805.8c-171.8 0-248.6-84.4-248.6-147.8 0-32.4 24-55.2 57-55.2 73.6 0 54.4 105.6 191.6 105.6 70.2 0 109-38.2 109-77.2 0-23.4-11.6-49.4-57.8-60.8l-152.8-38.2c-123-30.8-145.4-97.4-145.4-160 0-129.8 122.2-178.6 237-178.6 105.8 0 230.4 58.4 230.4 136.4 0 33.4-29 52.8-62 52.8-62.8 0-51.2-86.8-177.6-86.8-62.8 0-97.4 28.4-97.4 69s49.6 53.6 92.6 63.4l113.2 25.2c123.8 27.6 155.2 100 155.2 168 0 105.4-81 184.2-244.4 184.2z"
				],
				"attrs": [],
				"isMulticolor": false,
				"tags": [
					"skype",
					"brand",
					"social"
				],
				"grid": 16
			},
			"attrs": [],
			"properties": {
				"order": 1,
				"id": 0,
				"prevSize": 32,
				"code": 59655,
				"name": "skype"
			},
			"setIdx": 2,
			"setId": 4,
			"iconIdx": 2
		},
		{
			"icon": {
				"paths": [
					"M475.429 292.571q0-45.714-32-77.714t-77.714-32-77.714 32-32 77.714q0 24 10.857 47.429-23.429-10.857-47.429-10.857-45.714 0-77.714 32t-32 77.714 32 77.714 77.714 32 77.714-32 32-77.714q0-24-10.857-47.429 23.429 10.857 47.429 10.857 45.714 0 77.714-32t32-77.714zM961.714 694.857q0 9.714-28 37.714t-37.714 28q-5.143 0-16.286-9.143t-20.857-18.857-22-22.857-14-14.857l-54.857 54.857 125.714 125.714q16 16 16 38.857 0 24-22.286 46.286t-46.286 22.286q-22.857 0-38.857-16l-383.429-383.429q-100.571 74.857-208.571 74.857-93.143 0-151.714-58.571t-58.571-151.714q0-91.429 54.286-178.857t141.714-141.714 178.857-54.286q93.143 0 151.714 58.571t58.571 151.714q0 108-74.857 208.571l202.857 202.857 54.857-54.857q-1.714-1.714-14.857-14t-22.857-22-18.857-20.857-9.143-16.286q0-9.714 28-37.714t37.714-28q7.429 0 13.143 5.714 3.429 3.429 26.286 25.429t46.857 45.429 49.429 49.143 41.714 44.571 16.286 23.429z"
				],
				"attrs": [],
				"isMulticolor": false,
				"width": 962,
				"tags": [
					"key"
				],
				"grid": 14
			},
			"attrs": [],
			"properties": {
				"order": 1,
				"id": 8,
				"prevSize": 28,
				"code": 59656,
				"name": "key"
			},
			"setIdx": 5,
			"setId": 1,
			"iconIdx": 0
		},
		{
			"icon": {
				"paths": [
					"M950.857 340.571q0-46.286-12.286-81.714t-31.429-56.286-46.571-34-53.714-17.714-56-4.571-64 14.571-63.143 36.571-49.429 41.143-34.286 35.143q-10.286 12.571-28 12.571t-28-12.571q-13.714-16-34.286-35.143t-49.429-41.143-63.143-36.571-64-14.571-56 4.571-53.714 17.714-46.571 34-31.429 56.286-12.286 81.714q0 96 106.857 202.857l332 320 331.429-319.429q107.429-107.429 107.429-203.429zM1024 340.571q0 126.286-130.857 257.143l-356 342.857q-10.286 10.286-25.143 10.286t-25.143-10.286l-356.571-344q-5.714-4.571-15.714-14.857t-31.714-37.429-38.857-55.714-30.571-69.143-13.429-78.857q0-125.714 72.571-196.571t200.571-70.857q35.429 0 72.286 12.286t68.571 33.143 54.571 39.143 43.429 38.857q20.571-20.571 43.429-38.857t54.571-39.143 68.571-33.143 72.286-12.286q128 0 200.571 70.857t72.571 196.571z"
				],
				"attrs": [],
				"isMulticolor": false,
				"tags": [
					"heart-o"
				],
				"grid": 14
			},
			"attrs": [],
			"properties": {
				"order": 1,
				"id": 7,
				"prevSize": 28,
				"code": 59657,
				"name": "heart-o"
			},
			"setIdx": 5,
			"setId": 1,
			"iconIdx": 1
		},
		{
			"icon": {
				"paths": [
					"M512 950.857q-14.857 0-25.143-10.286l-356.571-344q-5.714-4.571-15.714-14.857t-31.714-37.429-38.857-55.714-30.571-69.143-13.429-78.857q0-125.714 72.571-196.571t200.571-70.857q35.429 0 72.286 12.286t68.571 33.143 54.571 39.143 43.429 38.857q20.571-20.571 43.429-38.857t54.571-39.143 68.571-33.143 72.286-12.286q128 0 200.571 70.857t72.571 196.571q0 126.286-130.857 257.143l-356 342.857q-10.286 10.286-25.143 10.286z"
				],
				"attrs": [],
				"isMulticolor": false,
				"tags": [
					"heart"
				],
				"grid": 14
			},
			"attrs": [],
			"properties": {
				"order": 2,
				"id": 6,
				"prevSize": 28,
				"code": 59658,
				"name": "heart"
			},
			"setIdx": 5,
			"setId": 1,
			"iconIdx": 2
		},
		{
			"icon": {
				"paths": [
					"M950.857 365.714q30.286 0 51.714 21.429t21.429 51.714-21.429 51.714-51.714 21.429v219.429q0 29.714-21.714 51.429t-51.429 21.714q-238.286-198.286-464-217.143-33.143 10.857-52 37.714t-17.714 57.429 22.857 52.857q-11.429 18.857-13.143 37.429t3.429 33.143 19.143 31.429 27.429 28.571 35.143 28.857q-16.571 33.143-63.714 47.429t-96.286 6.571-75.429-31.714q-4-13.143-16.857-50t-18.286-54-13.143-50.857-8.571-57.714 2-56.286 12.571-63.143h-69.714q-37.714 0-64.571-26.857t-26.857-64.571v-109.714q0-37.714 26.857-64.571t64.571-26.857h274.286q248.571 0 512-219.429 29.714 0 51.429 21.714t21.714 51.429v219.429zM877.714 710.857v-545.143q-225.143 172.571-438.857 196v154.286q215.429 24 438.857 194.857z"
				],
				"attrs": [],
				"isMulticolor": false,
				"tags": [
					"bullhorn"
				],
				"grid": 14
			},
			"attrs": [],
			"properties": {
				"order": 1,
				"id": 5,
				"prevSize": 28,
				"code": 59659,
				"name": "bullhorn"
			},
			"setIdx": 5,
			"setId": 1,
			"iconIdx": 3
		},
		{
			"icon": {
				"paths": [
					"M804.571 708.571q0 15.429-5.714 40.286t-12 39.143q-12 28.571-69.714 60.571-53.714 29.143-106.286 29.143-15.429 0-30-2t-32.857-7.143-27.143-8.286-31.714-11.714-28-10.286q-56-20-100-47.429-73.143-45.143-151.143-123.143t-123.143-151.143q-27.429-44-47.429-100-1.714-5.143-10.286-28t-11.714-31.714-8.286-27.143-7.143-32.857-2-30q0-52.571 29.143-106.286 32-57.714 60.571-69.714 14.286-6.286 39.143-12t40.286-5.714q8 0 12 1.714 10.286 3.429 30.286 43.429 6.286 10.857 17.143 30.857t20 36.286 17.714 30.571q1.714 2.286 10 14.286t12.286 20.286 4 16.286q0 11.429-16.286 28.571t-35.429 31.429-35.429 30.286-16.286 26.286q0 5.143 2.857 12.857t4.857 11.714 8 13.714 6.571 10.857q43.429 78.286 99.429 134.286t134.286 99.429q1.143 0.571 10.857 6.571t13.714 8 11.714 4.857 12.857 2.857q10.286 0 26.286-16.286t30.286-35.429 31.429-35.429 28.571-16.286q8 0 16.286 4t20.286 12.286 14.286 10q14.286 8.571 30.571 17.714t36.286 20 30.857 17.143q40 20 43.429 30.286 1.714 4 1.714 12z"
				],
				"attrs": [],
				"isMulticolor": false,
				"width": 805,
				"tags": [
					"phone"
				],
				"grid": 14
			},
			"attrs": [],
			"properties": {
				"order": 2,
				"id": 4,
				"prevSize": 28,
				"code": 59660,
				"name": "phone2"
			},
			"setIdx": 5,
			"setId": 1,
			"iconIdx": 4
		}
	],
	"height": 1024,
	"metadata": {
		"name": "icomoon"
	},
	"preferences": {
		"showGlyphs": true,
		"showCodes": true,
		"showQuickUse": true,
		"showQuickUse2": true,
		"showSVGs": true,
		"fontPref": {
			"prefix": "icon-",
			"metadata": {
				"fontFamily": "icomoon"
			},
			"metrics": {
				"emSize": 1024,
				"baseline": 6.25,
				"whitespace": 50
			},
			"embed": false,
			"autoHost": false
		},
		"imagePref": {
			"prefix": "icon-",
			"png": true,
			"useClassSelector": true,
			"color": 0,
			"bgColor": 16777215
		},
		"historySize": 100,
		"quickUsageToken": {
			"default": "OGMzNDMwZWI3YWNlNWFkODI2NmUxYTQ3NWU3Mzk2OGMjMSMxNDU4MzQ2OTc5IyMj"
		}
	}
}